Individualism,The 'free rider' excuse,Whataboutism,"All talk, little action",Fossil fuel solutionism,"No sticks, just carrots",Technological optimism,Appeal to well-being,Policy perfectionism,Appeal to social justice,Change is impossible,Doomism
0.000757108900431376,0.0013205387798221674,0.0008715555946826305,7.042873492384893e-05,0.0005634298793907915,0.0007395017167004138,0.0008099304516242627,0.004375385157144114,0.0002729113478299146,0.001214895677436394,0.00013205387798221675,0.00024650057223347125
